<?xml version="1.0"?>
<doc>
    <assembly>
        <name>Core</name>
    </assembly>
    <members>
        <member name="T:NuGetPe.AssemblyMetadata.AssemblyMetaData">
            <summary>
            Meta data of the assembly, 
            </summary>
        </member>
        <member name="M:NuGetPe.AssemblyMetadata.AssemblyMetaData.SetFullName(System.Reflection.AssemblyName)">
            <summary>
            Set Fullname of the assembly and determine strong name.
            </summary>
            <remarks>Helper</remarks>
        </member>
        <member name="M:NuGetPe.AssemblyMetadata.AssemblyMetaData.SetReferencedAssemblyNames(System.Collections.Generic.IEnumerable{System.Reflection.AssemblyName})">
            <summary>
            Set list of referenced assembly names.
            </summary>
        </member>
        <member name="M:NuGetPe.AssemblyMetadata.AssemblyMetaData.AddMetadata(System.String,System.String)">
            <summary>
            Add arbitrary metadata information.
            </summary>
        </member>
        <member name="M:NuGetPe.AssemblyMetadata.AssemblyMetaData.GetMetadataEntriesOrderedByImportance">
            <summary>
            Gets all the metadata entries sorted by importance
            </summary>
        </member>
        <member name="T:NuGetPe.Resources.NuGetResources">
            <summary>
              A strongly-typed resource class, for looking up localized strings, etc.
            </summary>
        </member>
        <member name="P:NuGetPe.Resources.NuGetResources.ResourceManager">
            <summary>
              Returns the cached ResourceManager instance used by this class.
            </summary>
        </member>
        <member name="P:NuGetPe.Resources.NuGetResources.Culture">
            <summary>
              Overrides the current thread's CurrentUICulture property for all
              resource lookups using this strongly typed resource class.
            </summary>
        </member>
        <member name="P:NuGetPe.Resources.NuGetResources.CannotCreateEmptyPackage">
            <summary>
              Looks up a localized string similar to Cannot create a package that has no dependencies nor content..
            </summary>
        </member>
        <member name="P:NuGetPe.Resources.NuGetResources.DependencyHasInvalidVersion">
            <summary>
              Looks up a localized string similar to Dependency &apos;{0}&apos; has an invalid version..
            </summary>
        </member>
        <member name="P:NuGetPe.Resources.NuGetResources.DuplicateDependenciesDefined">
            <summary>
              Looks up a localized string similar to &apos;{0}&apos; already has a dependency defined for &apos;{1}&apos;..
            </summary>
        </member>
        <member name="P:NuGetPe.Resources.NuGetResources.ErrorReadingFile">
            <summary>
              Looks up a localized string similar to Error reading &apos;{0}&apos;..
            </summary>
        </member>
        <member name="P:NuGetPe.Resources.NuGetResources.IncompatibleSchema">
            <summary>
              Looks up a localized string similar to The schema version of &apos;{0}&apos; is incompatible with version {1} of NuGet Package Explorer. Please upgrade NuGet Package Explorer to the latest version..
            </summary>
        </member>
        <member name="P:NuGetPe.Resources.NuGetResources.InvalidFeed">
            <summary>
              Looks up a localized string similar to There was an error while processing the request. Please verify that &apos;{0}&apos; is a valid feed..
            </summary>
        </member>
        <member name="P:NuGetPe.Resources.NuGetResources.InvalidFrameworkNameFormat">
            <summary>
              Looks up a localized string similar to Invalid framework name format. Expected {framework}{version}-{profile}..
            </summary>
        </member>
        <member name="P:NuGetPe.Resources.NuGetResources.InvalidPackageId">
            <summary>
              Looks up a localized string similar to The package ID &apos;{0}&apos; contains invalid characters. Examples of valid package IDs include &apos;MyPackage&apos; and &apos;MyPackage.Sample&apos;..
            </summary>
        </member>
        <member name="P:NuGetPe.Resources.NuGetResources.InvalidVersionString">
            <summary>
              Looks up a localized string similar to &apos;{0}&apos; is not a valid version string..
            </summary>
        </member>
        <member name="P:NuGetPe.Resources.NuGetResources.Manifest_DependenciesHasMixedElements">
            <summary>
              Looks up a localized string similar to &lt;dependencies&gt; element must not contain both &lt;group&gt; and &lt;dependency&gt; child elements..
            </summary>
        </member>
        <member name="P:NuGetPe.Resources.NuGetResources.Manifest_DependencyIdRequired">
            <summary>
              Looks up a localized string similar to Dependency Id is required..
            </summary>
        </member>
        <member name="P:NuGetPe.Resources.NuGetResources.Manifest_ExcludeContainsInvalidCharacters">
            <summary>
              Looks up a localized string similar to Exclude path &apos;{0}&apos; contains invalid characters..
            </summary>
        </member>
        <member name="P:NuGetPe.Resources.NuGetResources.Manifest_IdMaxLengthExceeded">
            <summary>
              Looks up a localized string similar to Package Id cannot exceed 100 characters..
            </summary>
        </member>
        <member name="P:NuGetPe.Resources.NuGetResources.Manifest_InvalidMinClientVersion">
            <summary>
              Looks up a localized string similar to The &apos;minClientVersion&apos; attribute in the package manifest has invalid value. It must be a valid version string..
            </summary>
        </member>
        <member name="P:NuGetPe.Resources.NuGetResources.Manifest_InvalidPrereleaseDependency">
            <summary>
              Looks up a localized string similar to A stable release of a package should not have dependency on a prerelease package. Either modify the version spec of dependency &quot;{0}&quot; or update the version field..
            </summary>
        </member>
        <member name="P:NuGetPe.Resources.NuGetResources.Manifest_InvalidReference">
            <summary>
              Looks up a localized string similar to Invalid assembly reference &apos;{0}&apos;. Ensure that a file named &apos;{0}&apos; exists in the lib directory..
            </summary>
        </member>
        <member name="P:NuGetPe.Resources.NuGetResources.Manifest_InvalidSchemaNamespace">
            <summary>
              Looks up a localized string similar to Invalid schema namespace &apos;{0}&apos;..
            </summary>
        </member>
        <member name="P:NuGetPe.Resources.NuGetResources.Manifest_InvalidVersion">
            <summary>
              Looks up a localized string similar to No namespace was found corresponding to the schema version &apos;{0}&apos;. Add an entry to the VersionToSchemaMappings dictionary in &apos;{1}&apos;..
            </summary>
        </member>
        <member name="P:NuGetPe.Resources.NuGetResources.Manifest_ReferencesHasMixedElements">
            <summary>
              Looks up a localized string similar to &lt;references&gt; element must not contain both &lt;group&gt; and &lt;reference&gt; child elements..
            </summary>
        </member>
        <member name="P:NuGetPe.Resources.NuGetResources.Manifest_ReferencesIsEmpty">
            <summary>
              Looks up a localized string similar to The element package\metadata\references\group must contain at least one &lt;reference&gt; child element..
            </summary>
        </member>
        <member name="P:NuGetPe.Resources.NuGetResources.Manifest_RequiredMetadataMissing">
            <summary>
              Looks up a localized string similar to {0} is required..
            </summary>
        </member>
        <member name="P:NuGetPe.Resources.NuGetResources.Manifest_RequireLicenseAcceptanceRequiresLicenseUrl">
            <summary>
              Looks up a localized string similar to Enabling license acceptance requires a license url..
            </summary>
        </member>
        <member name="P:NuGetPe.Resources.NuGetResources.Manifest_SourceContainsInvalidCharacters">
            <summary>
              Looks up a localized string similar to Source path &apos;{0}&apos; contains invalid characters..
            </summary>
        </member>
        <member name="P:NuGetPe.Resources.NuGetResources.Manifest_TargetContainsInvalidCharacters">
            <summary>
              Looks up a localized string similar to Target path &apos;{0}&apos; contains invalid characters..
            </summary>
        </member>
        <member name="P:NuGetPe.Resources.NuGetResources.Manifest_UriCannotBeEmpty">
            <summary>
              Looks up a localized string similar to {0} cannot be empty..
            </summary>
        </member>
        <member name="P:NuGetPe.Resources.NuGetResources.MissingFrameworkName">
            <summary>
              Looks up a localized string similar to Framework name is missing..
            </summary>
        </member>
        <member name="P:NuGetPe.Resources.NuGetResources.PackageAuthoring_FileNotFound">
            <summary>
              Looks up a localized string similar to File not found: &apos;{0}&apos;..
            </summary>
        </member>
        <member name="P:NuGetPe.Resources.NuGetResources.PackageContentsVerifyError">
            <summary>
              Looks up a localized string similar to Failed to download package correctly. The contents of the package could not be verified..
            </summary>
        </member>
        <member name="P:NuGetPe.Resources.NuGetResources.PackageDoesNotContainManifest">
            <summary>
              Looks up a localized string similar to Package does not contain a manifest..
            </summary>
        </member>
        <member name="P:NuGetPe.Resources.NuGetResources.UnableToLocateWIF">
            <summary>
              Looks up a localized string similar to Connection to feed &apos;{0}&apos; requires the Windows Identity Foundation runtime to be installed..
            </summary>
        </member>
        <member name="P:NuGetPe.Resources.NuGetResources.UnableToResolveUri">
            <summary>
              Looks up a localized string similar to Unable to resolve &apos;{0}&apos;..
            </summary>
        </member>
        <member name="P:NuGetPe.Resources.NuGetResources.UnknownSchemaVersion">
            <summary>
              Looks up a localized string similar to Unknown schema version &apos;{0}&apos;..
            </summary>
        </member>
        <member name="P:NuGetPe.Resources.NuGetResources.UserSettings_KeyDoesNotExist">
            <summary>
              Looks up a localized string similar to Key &apos;{0}&apos; does not exist..
            </summary>
        </member>
        <member name="P:NuGetPe.Resources.NuGetResources.UserSettings_SectionDoesNotExist">
            <summary>
              Looks up a localized string similar to Section&apos;{0}&apos; does not exist..
            </summary>
        </member>
        <member name="P:NuGetPe.Resources.NuGetResources.UserSettings_UnableToParseConfigFile">
            <summary>
              Looks up a localized string similar to Unable to parse config file..
            </summary>
        </member>
        <member name="M:NuGetPe.ZipPackage.MyPackageArchiveReader.#ctor(System.IO.Stream,System.Boolean)">
            <summary>Nupkg package reader</summary>
            <param name="stream">Nupkg data stream.</param>
            <param name="leaveStreamOpen">If true the nupkg stream will not be closed by the zip reader.</param>
        </member>
        <member name="T:NuGetPe.MachineCache">
            <summary>
            The machine cache represents a location on the machine where packages are cached. It is a specific implementation of a local repository and can be used as such.
            </summary>
        </member>
        <member name="M:NuGetPe.MachineCache.GetCachePath">
            <summary>
            Determines the cache path to use for NuGet.exe. By default, NuGet caches files under %LocalAppData%\NuGet\Cache.
            This path can be overridden by specifying a value in the NuGetCachePath environment variable.
            </summary>
        </member>
        <member name="M:NuGetPe.ManifestUtility.ReplaceTokenWithMetadata(System.String)">
            <summary>
            Goes from $token$ to a marker value with 0.0.0+TOKENSTART.token.TOKENEND
            </summary>
            <param name="value"></param>
            <returns></returns>
        </member>
        <member name="M:NuGetPe.ManifestUtility.ReplaceMetadataWithToken(System.String)">
            <summary>
            Goes from marker 0.0.0+TOKENSTART.token.TOKENEND to the token $token$
            </summary>
            <param name="value"></param>
            <returns></returns>
        </member>
        <member name="M:NuGetPe.UriUtility.GetPath(System.Uri)">
            <summary>
            Converts a uri to a path. Only used for local paths.
            </summary>
        </member>
        <member name="F:Microsoft.Toolkit.Win32.UI.Controls.Interop.Win32.Facility.Null">
            <summary>FACILITY_NULL</summary>
        </member>
        <member name="F:Microsoft.Toolkit.Win32.UI.Controls.Interop.Win32.Facility.Rpc">
            <summary>FACILITY_RPC</summary>
        </member>
        <member name="F:Microsoft.Toolkit.Win32.UI.Controls.Interop.Win32.Facility.Dispatch">
            <summary>FACILITY_DISPATCH</summary>
        </member>
        <member name="F:Microsoft.Toolkit.Win32.UI.Controls.Interop.Win32.Facility.Storage">
            <summary>FACILITY_STORAGE</summary>
        </member>
        <member name="F:Microsoft.Toolkit.Win32.UI.Controls.Interop.Win32.Facility.Itf">
            <summary>FACILITY_ITF</summary>
        </member>
        <member name="F:Microsoft.Toolkit.Win32.UI.Controls.Interop.Win32.Facility.Win32">
            <summary>FACILITY_WIN32</summary>
        </member>
        <member name="F:Microsoft.Toolkit.Win32.UI.Controls.Interop.Win32.Facility.Windows">
            <summary>FACILITY_WINDOWS</summary>
        </member>
        <member name="F:Microsoft.Toolkit.Win32.UI.Controls.Interop.Win32.Facility.Control">
            <summary>FACILITY_CONTROL</summary>
        </member>
        <member name="F:Microsoft.Toolkit.Win32.UI.Controls.Interop.Win32.Facility.Ese">
            <summary>MSDN doced facility code for ESE errors.</summary>
        </member>
        <member name="F:Microsoft.Toolkit.Win32.UI.Controls.Interop.Win32.Facility.WinCodec">
            <summary>FACILITY_WINCODEC (WIC)</summary>
        </member>
        <member name="T:Microsoft.Toolkit.Win32.UI.Controls.Interop.Win32.HRESULT">
            <summary>Wrapper for HRESULT status codes.</summary>
        </member>
        <member name="F:Microsoft.Toolkit.Win32.UI.Controls.Interop.Win32.HRESULT.S_OK">
            <summary>S_OK</summary>
        </member>
        <member name="F:Microsoft.Toolkit.Win32.UI.Controls.Interop.Win32.HRESULT.S_FALSE">
            <summary>S_FALSE</summary>
        </member>
        <member name="F:Microsoft.Toolkit.Win32.UI.Controls.Interop.Win32.HRESULT.E_PENDING">
            <summary>E_PENDING</summary>
        </member>
        <member name="F:Microsoft.Toolkit.Win32.UI.Controls.Interop.Win32.HRESULT.E_NOTIMPL">
            <summary>E_NOTIMPL</summary>
        </member>
        <member name="F:Microsoft.Toolkit.Win32.UI.Controls.Interop.Win32.HRESULT.E_NOINTERFACE">
            <summary>E_NOINTERFACE</summary>
        </member>
        <member name="F:Microsoft.Toolkit.Win32.UI.Controls.Interop.Win32.HRESULT.E_POINTER">
            <summary>E_POINTER</summary>
        </member>
        <member name="F:Microsoft.Toolkit.Win32.UI.Controls.Interop.Win32.HRESULT.E_ABORT">
            <summary>E_ABORT</summary>
        </member>
        <member name="F:Microsoft.Toolkit.Win32.UI.Controls.Interop.Win32.HRESULT.E_FAIL">
            <summary>E_FAIL</summary>
        </member>
        <member name="F:Microsoft.Toolkit.Win32.UI.Controls.Interop.Win32.HRESULT.E_UNEXPECTED">
            <summary>E_UNEXPECTED</summary>
        </member>
        <member name="F:Microsoft.Toolkit.Win32.UI.Controls.Interop.Win32.HRESULT.STG_E_INVALIDFUNCTION">
            <summary>STG_E_INVALIDFUNCTION</summary>
        </member>
        <member name="F:Microsoft.Toolkit.Win32.UI.Controls.Interop.Win32.HRESULT.REGDB_E_CLASSNOTREG">
            <summary>REGDB_E_CLASSNOTREG</summary>
        </member>
        <member name="F:Microsoft.Toolkit.Win32.UI.Controls.Interop.Win32.HRESULT.DESTS_E_NO_MATCHING_ASSOC_HANDLER">
            <summary>DESTS_E_NO_MATCHING_ASSOC_HANDLER.  Win7 internal error code for Jump Lists.</summary>
            <remarks>There is no Assoc Handler for the given item registered by the specified application.</remarks>
        </member>
        <member name="F:Microsoft.Toolkit.Win32.UI.Controls.Interop.Win32.HRESULT.DESTS_E_NORECDOCS">
            <summary>DESTS_E_NORECDOCS.  Win7 internal error code for Jump Lists.</summary>
            <remarks>The given item is excluded from the recent docs folder by the NoRecDocs bit on its registration.</remarks>
        </member>
        <member name="F:Microsoft.Toolkit.Win32.UI.Controls.Interop.Win32.HRESULT.DESTS_E_NOTALLCLEARED">
            <summary>DESTS_E_NOTALLCLEARED.  Win7 internal error code for Jump Lists.</summary>
            <remarks>Not all of the items were successfully cleared</remarks>
        </member>
        <member name="F:Microsoft.Toolkit.Win32.UI.Controls.Interop.Win32.HRESULT.E_ACCESSDENIED">
            <summary>E_ACCESSDENIED</summary>
            <remarks>Win32Error ERROR_ACCESS_DENIED.</remarks>
        </member>
        <member name="F:Microsoft.Toolkit.Win32.UI.Controls.Interop.Win32.HRESULT.E_OUTOFMEMORY">
            <summary>E_OUTOFMEMORY</summary>
            <remarks>Win32Error ERROR_OUTOFMEMORY.</remarks>
        </member>
        <member name="F:Microsoft.Toolkit.Win32.UI.Controls.Interop.Win32.HRESULT.E_INVALIDARG">
            <summary>E_INVALIDARG</summary>
            <remarks>Win32Error ERROR_INVALID_PARAMETER.</remarks>
        </member>
        <member name="F:Microsoft.Toolkit.Win32.UI.Controls.Interop.Win32.HRESULT.INTSAFE_E_ARITHMETIC_OVERFLOW">
            <summary>INTSAFE_E_ARITHMETIC_OVERFLOW</summary>
        </member>
        <member name="F:Microsoft.Toolkit.Win32.UI.Controls.Interop.Win32.HRESULT.COR_E_OBJECTDISPOSED">
            <summary>COR_E_OBJECTDISPOSED</summary>
        </member>
        <member name="F:Microsoft.Toolkit.Win32.UI.Controls.Interop.Win32.HRESULT.WC_E_GREATERTHAN">
            <summary>WC_E_GREATERTHAN</summary>
        </member>
        <member name="F:Microsoft.Toolkit.Win32.UI.Controls.Interop.Win32.HRESULT.WC_E_SYNTAX">
            <summary>WC_E_SYNTAX</summary>
        </member>
        <member name="M:Microsoft.Toolkit.Win32.UI.Controls.Interop.Win32.HRESULT.#ctor(System.UInt32)">
            <summary>
            Initializes a new instance of the <see cref="T:Microsoft.Toolkit.Win32.UI.Controls.Interop.Win32.HRESULT"/> struct.
            </summary>
            <param name="i"><see cref="T:System.UInt32" /> containing HRESULT.</param>
        </member>
        <member name="P:Microsoft.Toolkit.Win32.UI.Controls.Interop.Win32.HRESULT.Facility">
            <summary>
            Gets HRESULT_FACILITY
            </summary>
        </member>
        <member name="P:Microsoft.Toolkit.Win32.UI.Controls.Interop.Win32.HRESULT.Code">
            <summary>
            Gets HRESULT_CODE
            </summary>
        </member>
        <member name="M:Microsoft.Toolkit.Win32.UI.Controls.Interop.Win32.HRESULT.ToString">
            <summary>
            Get a string representation of this HRESULT.
            </summary>
            <returns>Name of HRESULT</returns>
        </member>
        <member name="M:Microsoft.Toolkit.Win32.UI.Controls.Interop.Win32.HRESULT.ThrowLastError">
            <summary>
            Convert the result of Win32 GetLastError() into a raised exception.
            </summary>
        </member>
        <member name="F:Microsoft.Toolkit.Win32.UI.Controls.Interop.Win32.ProductType.VER_NT_WORKSTATION">
            <summary>
            The operating system is Windows 10, Windows 8, Windows 7, Windows Vista, Windows XP Professional, Windows XP Home Edition, or Windows 2000 Professional
            </summary>
        </member>
        <member name="F:Microsoft.Toolkit.Win32.UI.Controls.Interop.Win32.ProductType.VER_NT_DOMAIN_CONTROLLER">
            <summary>
            The system is a domain controller and the operating system is Windows Server 2016, Windows Server 2012, Windows Server 2008 R2, Windows Server 2008, Windows Server 2003, or Windows 2000 Server
            </summary>
        </member>
        <member name="F:Microsoft.Toolkit.Win32.UI.Controls.Interop.Win32.ProductType.VER_NT_SERVER">
            <summary>
            The operating system is Windows Server 2016, Windows Server 2012, Windows Server 2008 R2, Windows Server 2008, Windows Server 2003, or Windows 2000 Server.
            </summary>
            <remarks>
            Note that a server that is also a domain controller is reported as <see cref="F:Microsoft.Toolkit.Win32.UI.Controls.Interop.Win32.ProductType.VER_NT_DOMAIN_CONTROLLER"/>, not <see cref="F:Microsoft.Toolkit.Win32.UI.Controls.Interop.Win32.ProductType.VER_NT_SERVER"/>
            </remarks>
        </member>
        <member name="T:Microsoft.Toolkit.Win32.UI.Controls.Interop.Win32.Win32Error">
            <summary>
            Wrapper for common Win32 status codes.
            </summary>
        </member>
        <member name="F:Microsoft.Toolkit.Win32.UI.Controls.Interop.Win32.Win32Error.ERROR_SUCCESS">
            <summary>The operation completed successfully.</summary>
        </member>
        <member name="F:Microsoft.Toolkit.Win32.UI.Controls.Interop.Win32.Win32Error.ERROR_INVALID_FUNCTION">
            <summary>Incorrect function.</summary>
        </member>
        <member name="F:Microsoft.Toolkit.Win32.UI.Controls.Interop.Win32.Win32Error.ERROR_FILE_NOT_FOUND">
            <summary>The system cannot find the file specified.</summary>
        </member>
        <member name="F:Microsoft.Toolkit.Win32.UI.Controls.Interop.Win32.Win32Error.ERROR_PATH_NOT_FOUND">
            <summary>The system cannot find the path specified.</summary>
        </member>
        <member name="F:Microsoft.Toolkit.Win32.UI.Controls.Interop.Win32.Win32Error.ERROR_TOO_MANY_OPEN_FILES">
            <summary>The system cannot open the file.</summary>
        </member>
        <member name="F:Microsoft.Toolkit.Win32.UI.Controls.Interop.Win32.Win32Error.ERROR_ACCESS_DENIED">
            <summary>Access is denied.</summary>
        </member>
        <member name="F:Microsoft.Toolkit.Win32.UI.Controls.Interop.Win32.Win32Error.ERROR_INVALID_HANDLE">
            <summary>The handle is invalid.</summary>
        </member>
        <member name="F:Microsoft.Toolkit.Win32.UI.Controls.Interop.Win32.Win32Error.ERROR_OUTOFMEMORY">
            <summary>Not enough storage is available to complete this operation.</summary>
        </member>
        <member name="F:Microsoft.Toolkit.Win32.UI.Controls.Interop.Win32.Win32Error.ERROR_NO_MORE_FILES">
            <summary>There are no more files.</summary>
        </member>
        <member name="F:Microsoft.Toolkit.Win32.UI.Controls.Interop.Win32.Win32Error.ERROR_SHARING_VIOLATION">
            <summary>The process cannot access the file because it is being used by another process.</summary>
        </member>
        <member name="F:Microsoft.Toolkit.Win32.UI.Controls.Interop.Win32.Win32Error.ERROR_INVALID_PARAMETER">
            <summary>The parameter is incorrect.</summary>
        </member>
        <member name="F:Microsoft.Toolkit.Win32.UI.Controls.Interop.Win32.Win32Error.ERROR_INSUFFICIENT_BUFFER">
            <summary>The data area passed to a system call is too small.</summary>
        </member>
        <member name="F:Microsoft.Toolkit.Win32.UI.Controls.Interop.Win32.Win32Error.ERROR_NESTING_NOT_ALLOWED">
            <summary>Cannot nest calls to LoadModule.</summary>
        </member>
        <member name="F:Microsoft.Toolkit.Win32.UI.Controls.Interop.Win32.Win32Error.ERROR_KEY_DELETED">
            <summary>Illegal operation attempted on a registry key that has been marked for deletion.</summary>
        </member>
        <member name="F:Microsoft.Toolkit.Win32.UI.Controls.Interop.Win32.Win32Error.ERROR_NOT_FOUND">
            <summary>Element not found.</summary>
        </member>
        <member name="F:Microsoft.Toolkit.Win32.UI.Controls.Interop.Win32.Win32Error.ERROR_NO_MATCH">
            <summary>There was no match for the specified key in the index.</summary>
        </member>
        <member name="F:Microsoft.Toolkit.Win32.UI.Controls.Interop.Win32.Win32Error.ERROR_BAD_DEVICE">
            <summary>An invalid device was specified.</summary>
        </member>
        <member name="F:Microsoft.Toolkit.Win32.UI.Controls.Interop.Win32.Win32Error.ERROR_CANCELLED">
            <summary>The operation was canceled by the user.</summary>
        </member>
        <member name="F:Microsoft.Toolkit.Win32.UI.Controls.Interop.Win32.Win32Error.ERROR_NOT_ALL_ASSIGNED">
            <summary>Not all privileges or groups references are assigned to the caller </summary>
        </member>
        <member name="F:Microsoft.Toolkit.Win32.UI.Controls.Interop.Win32.Win32Error.ERROR_CLASS_ALREADY_EXISTS">
            <summary>The window class was already registered.</summary>
        </member>
        <member name="F:Microsoft.Toolkit.Win32.UI.Controls.Interop.Win32.Win32Error.ERROR_INVALID_DATATYPE">
            <summary>The specified datatype is invalid.</summary>
        </member>
        <member name="M:Microsoft.Toolkit.Win32.UI.Controls.Interop.Win32.Win32Error.#ctor(System.Int32)">
            <summary>
            Initializes a new instance of the <see cref="T:Microsoft.Toolkit.Win32.UI.Controls.Interop.Win32.Win32Error"/> struct.
            </summary>
            <param name="i">The integer value of the error.</param>
        </member>
        <member name="M:Microsoft.Toolkit.Win32.UI.Controls.Interop.Win32.Win32Error.op_Explicit(Microsoft.Toolkit.Win32.UI.Controls.Interop.Win32.Win32Error)~Microsoft.Toolkit.Win32.UI.Controls.Interop.Win32.HRESULT">
            <summary>Performs HRESULT_FROM_WIN32 conversion.</summary>
            <param name="error">The Win32 error being converted to an HRESULT.</param>
            <returns>The equivalent HRESULT value.</returns>
        </member>
        <member name="M:Microsoft.Toolkit.Win32.UI.Controls.Interop.Win32.Win32Error.GetLastError">
            <summary>Performs the equivalent of Win32's GetLastError()</summary>
            <returns>A Win32Error instance with the result of the native GetLastError</returns>
        </member>
        <member name="M:Microsoft.Toolkit.Win32.UI.Controls.Interop.Win32.Win32Error.ToHRESULT">
            <summary>Performs HRESULT_FROM_WIN32 conversion.</summary>
            <returns>The equivalent HRESULT value.</returns>
        </member>
        <member name="M:Microsoft.Toolkit.Win32.UI.Controls.Interop.Win32.Win32Error.op_Equality(Microsoft.Toolkit.Win32.UI.Controls.Interop.Win32.Win32Error,Microsoft.Toolkit.Win32.UI.Controls.Interop.Win32.Win32Error)">
            <summary>
            Compare two Win32 error codes for equality.
            </summary>
            <param name="errLeft">The first error code to compare.</param>
            <param name="errRight">The second error code to compare.</param>
            <returns>Whether the two error codes are the same.</returns>
        </member>
        <member name="M:Microsoft.Toolkit.Win32.UI.Controls.Interop.Win32.Win32Error.op_Inequality(Microsoft.Toolkit.Win32.UI.Controls.Interop.Win32.Win32Error,Microsoft.Toolkit.Win32.UI.Controls.Interop.Win32.Win32Error)">
            <summary>
            Compare two Win32 error codes for inequality.
            </summary>
            <param name="errLeft">The first error code to compare.</param>
            <param name="errRight">The second error code to compare.</param>
            <returns>Whether the two error codes are not the same.</returns>
        </member>
        <member name="P:Microsoft.Toolkit.Win32.UI.Controls.Interop.OSVersionHelper.IsWindows10April2018OrGreater">
            <summary>
            Gets a value indicating whether the current OS is Windows 10 April 2018 Update (Redstone 4) or greater
            </summary>
        </member>
        <member name="P:Microsoft.Toolkit.Win32.UI.Controls.Interop.OSVersionHelper.IsWindows10FallCreatorsOrGreater">
            <summary>
            Gets a value indicating whether the current OS is Windows 10 Fall Creators Update (Redstone 3) or greater
            </summary>
        </member>
        <member name="P:Microsoft.Toolkit.Win32.UI.Controls.Interop.OSVersionHelper.IsWindows10CreatorsOrGreater">
            <summary>
            Gets a value indicating whether the current OS is Windows 10 Creators Update (Redstone 2) or greater
            </summary>
        </member>
        <member name="P:Microsoft.Toolkit.Win32.UI.Controls.Interop.OSVersionHelper.IsWindows10AnniversaryOrGreater">
            <summary>
            Gets a value indicating whether the current OS is Windows 10 Anniversary Update (Redstone 1) or greater
            </summary>
        </member>
        <member name="P:Microsoft.Toolkit.Win32.UI.Controls.Interop.OSVersionHelper.IsWindows10Threshold2OrGreater">
            <summary>
            Gets a value indicating whether the current OS is Windows 10 Threshold 2 or greater
            </summary>
        </member>
        <member name="P:Microsoft.Toolkit.Win32.UI.Controls.Interop.OSVersionHelper.IsWindows10Threshold1OrGreater">
            <summary>
            Gets a value indicating whether the current OS is Windows 10 Threshold 1 or greater
            </summary>
        </member>
        <member name="T:Microsoft.Toolkit.Win32.UI.Controls.Interop.Windows10Release">
            <summary>
            Identifies Windows 10 release IDs
            </summary>
        </member>
        <member name="F:Microsoft.Toolkit.Win32.UI.Controls.Interop.Windows10Release.Unknown">
            <summary>
            Unknown
            </summary>
        </member>
        <member name="F:Microsoft.Toolkit.Win32.UI.Controls.Interop.Windows10Release.Threshold1">
            <summary>
            10.0.10240.0
            </summary>
        </member>
        <member name="F:Microsoft.Toolkit.Win32.UI.Controls.Interop.Windows10Release.Threshold2">
            <summary>
            10.0.10586
            </summary>
        </member>
        <member name="F:Microsoft.Toolkit.Win32.UI.Controls.Interop.Windows10Release.Anniversary">
            <summary>
            10.0.14393.0 (Redstone 1)
            </summary>
        </member>
        <member name="F:Microsoft.Toolkit.Win32.UI.Controls.Interop.Windows10Release.Creators">
            <summary>
            10.0.15063.0 (Redstone 2)
            </summary>
        </member>
        <member name="F:Microsoft.Toolkit.Win32.UI.Controls.Interop.Windows10Release.FallCreators">
            <summary>
            10.0.16299.0 (Redstone 3)
            </summary>
        </member>
        <member name="F:Microsoft.Toolkit.Win32.UI.Controls.Interop.Windows10Release.April2018">
            <summary>
            10.0.17134.0 (Redstone 4)
            </summary>
        </member>
        <member name="M:Microsoft.Toolkit.Win32.UI.Controls.Verify.AreEqual``1(``0,``0)">
            <summary>
            Verifies that two generic type data are equal.  The assertion fails if they are not.
            </summary>
            <typeparam name="T">The generic type to compare for equality.</typeparam>
            <param name="expected">The first generic type data to compare.  This is is the expected value.</param>
            <param name="actual">The second generic type data to compare.  This is the actual value.</param>
            <remarks>This breaks into the debugger in the case of a failed assertion.</remarks>
        </member>
        <member name="M:Microsoft.Toolkit.Win32.UI.Controls.Verify.Fail">
            <summary>
            This line should never be executed.  The assertion always fails.
            </summary>
            <remarks>This breaks into the debugger in the case of a failed assertion.</remarks>
        </member>
        <member name="M:Microsoft.Toolkit.Win32.UI.Controls.Verify.Fail(System.String)">
            <summary>
            This line should never be executed.  The assertion always fails.
            </summary>
            <param name="message">The message to display if this function is executed.</param>
            <remarks>This breaks into the debugger in the case of a failed assertion.</remarks>
        </member>
        <member name="M:Microsoft.Toolkit.Win32.UI.Controls.Verify.Implies(System.Boolean,System.Boolean)">
            <summary>
            Verifies that if the specified condition is true, then so is the result.
            The assertion fails if the condition is true but the result is false.
            </summary>
            <param name="condition">if set to <c>true</c> [condition].</param>
            <param name="result">
            A second Boolean statement.  If the first was true then so must this be.
            If the first statement was false then the value of this is ignored.
            </param>
            <remarks>This breaks into the debugger in the case of a failed assertion.</remarks>
        </member>
        <member name="M:Microsoft.Toolkit.Win32.UI.Controls.Verify.IsApartmentState(System.Threading.ApartmentState)">
            <summary>
            Verify the current thread's apartment state is what's expected.  The assertion fails if it isn't
            </summary>
            <param name="expectedState">
            The expected apartment state for the current thread.
            </param>
            <remarks>This breaks into the debugger in the case of a failed assertion.</remarks>
        </member>
        <member name="M:Microsoft.Toolkit.Win32.UI.Controls.Verify.IsFalse(System.Boolean)">
            <summary>
            Verifies that the specified condition is false.  The assertion fails if it is true.
            </summary>
            <param name="condition">The expression that should be <c>false</c>.</param>
            <remarks>This breaks into the debugger in the case of a failed assertion.</remarks>
        </member>
        <member name="M:Microsoft.Toolkit.Win32.UI.Controls.Verify.IsFalse(System.Boolean,System.String)">
            <summary>
            Verifies that the specified condition is false.  The assertion fails if it is true.
            </summary>
            <param name="condition">The expression that should be <c>false</c>.</param>
            <param name="message">The message to display if the condition is <c>true</c>.</param>
            <remarks>This breaks into the debugger in the case of a failed assertion.</remarks>
        </member>
        <member name="M:Microsoft.Toolkit.Win32.UI.Controls.Verify.IsNeitherNullNorEmpty(System.String)">
            <summary>
            Verifies that a string has content.  I.e. it is not null and it is not empty.
            </summary>
            <param name="value">The string to verify.</param>
        </member>
        <member name="M:Microsoft.Toolkit.Win32.UI.Controls.Verify.IsNeitherNullNorWhitespace(System.String)">
            <summary>
            Verifies that a string has content.  I.e. it is not null and it is not purely whitespace.
            </summary>
            <param name="value">The string to verify.</param>
        </member>
        <member name="M:Microsoft.Toolkit.Win32.UI.Controls.Verify.IsNotNull``1(``0)">
            <summary>
            Verifies the specified value is not null.  The assertion fails if it is.
            </summary>
            <typeparam name="T">The generic reference type.</typeparam>
            <param name="value">The value to check for nullness.</param>
            <remarks>This breaks into the debugger in the case of a failed assertion.</remarks>
        </member>
        <member name="M:Microsoft.Toolkit.Win32.UI.Controls.Verify.IsNull``1(``0)">
            <summary>
            Verifies that the specified object is null.  The assertion fails if it is not.
            </summary>
            <typeparam name="T">The type of item to verify.</typeparam>
            <param name="item">The item to verify is null.</param>
        </member>
        <member name="M:Microsoft.Toolkit.Win32.UI.Controls.Verify.IsTrue(System.Boolean)">
            <summary>
            Verifies that the specified condition is true.  The assertion fails if it is not.
            </summary>
            <param name="condition">A condition that is expected to be <c>true</c>.</param>
            <remarks>This breaks into the debugger in the case of a failed assertion.</remarks>
        </member>
        <member name="M:Microsoft.Toolkit.Win32.UI.Controls.Verify.IsTrue(System.Boolean,System.String)">
            <summary>
            Verifies that the specified condition is true.  The assertion fails if it is not.
            </summary>
            <param name="condition">A condition that is expected to be <c>true</c>.</param>
            <param name="message">The message to write in case the condition is <c>false</c>.</param>
            <remarks>This breaks into the debugger in the case of a failed assertion.</remarks>
        </member>
    </members>
</doc>
